28605,1,0 - 5,1,5,136,0.76,0,2.32,0,0,3.08
28605,1,0 - 5,1,5,308,1.55,0,0,0,0,1.55
28605,1,0 - 5,1,5,312,0.78,0,0,0,0,0.78
28605,1,0 - 5,1,5,375,0.38,0,0,0,0,0.38
28605,1,0 - 5,1,5,376,-0.16,0,0,0,0,-0.16
28605,1,0 - 5,1,5,534,0.72,0,0,0,0,0.72
28605,1,0 - 5,1,5,556,-1.54,0,0,0,0,-1.54
28605,1,0 - 5,1,5,564,0.89,0,0,0,0,0.89
28605,1,0 - 5,1,5,743,-2.02,0,0.13,0,0,-1.89
28605,1,0 - 5,1,5,807,-2.59,0,0,0,0,-2.59
28605,1,0 - 5,1,5,823,0.66,0,0,0,0,0.66
28605,1,0 - 5,1,5,826,2.52,-1.5,1.54,0,0,2.56
28605,1,0 - 5,1,5,853,-2.7,3.88,1.3,0,0,2.48
28605,1,0 - 5,1,5,863,2.65,0,0,0,0,2.65
28605,1,0 - 5,1,5,1811,0.96,0,1.3,0,0,2.26
28605,1,0 - 5,1,5,1858,-0.11,0,0,0,0,-0.11
28605,1,0 - 5,1,5,2431,1.87,0,-7.2,0,0,-5.33
28605,1,0 - 5,1,5,4188,0.99,3.41,4,0,0,8.4
28605,1,0 - 5,1,5,4207,-1.34,0,2.21,0,0,0.87
28605,1,0 - 5,1,5,4958,1.16,0,-8.79,0,0,-7.63
28605,1,0 - 5,1,5,7669,-0.03,0,1.4,0,0,1.37
28605,1,0 - 5,1,5,9350,2.56,0,0,0,0,2.56
28605,1,0 - 5,1,5,136,0.76,0,2.32,0,,3.08
28605,1,0 - 5,1,5,308,1.55,0,0,0,,1.55
28605,1,0 - 5,1,5,312,0.78,0,0,0,,0.78
28605,1,0 - 5,1,5,375,0.38,0,0,0,,0.38
28605,1,0 - 5,1,5,376,-0.16,0,0,0,,-0.16
28605,1,0 - 5,1,5,534,0.72,0,0,0,,0.72
28605,1,0 - 5,1,5,556,-1.54,0,0,0,,-1.54
28605,1,0 - 5,1,5,564,0.89,0,0,0,,0.89
28605,1,0 - 5,1,5,743,-2.02,0,0.13,0,,-1.89
28605,1,0 - 5,1,5,807,-2.59,0,0,0,,-2.59
28605,1,0 - 5,1,5,823,0.66,0,0,0,,0.66
28605,1,0 - 5,1,5,826,2.52,-1.5,1.54,0,,2.56
28605,1,0 - 5,1,5,853,-2.7,3.88,1.3,0,,2.48
28605,1,0 - 5,1,5,863,2.65,0,0,0,,2.65
28605,1,0 - 5,1,5,1811,0.96,0,1.3,0,,2.26
28605,1,0 - 5,1,5,1858,-0.11,0,0,0,,-0.11
28605,1,0 - 5,1,5,2431,1.87,0,-7.2,0,,-5.33
28605,1,0 - 5,1,5,4188,0.99,3.41,4,0,,8.4
28605,1,0 - 5,1,5,4207,-1.34,0,2.21,0,,0.87
28605,1,0 - 5,1,5,4958,1.16,0,-8.79,0,,-7.63
28605,1,0 - 5,1,5,7669,-0.03,0,1.4,0,,1.37
28605,1,0 - 5,1,5,9350,2.56,0,0,0,,2.56
28605,1,5 - 10,2,10,136,0.95,0,2.32,0,0,3.27
28605,1,5 - 10,2,10,308,5.52,0,0,0,0,5.52
28605,1,5 - 10,2,10,312,1.15,0,0,0,0,1.15
28605,1,5 - 10,2,10,375,0.76,0,-17.5,0,0,-16.74
28605,1,5 - 10,2,10,376,-1.41,15,0,0,0,13.59
28605,1,5 - 10,2,10,534,1.09,0,0,0,0,1.09
28605,1,5 - 10,2,10,556,-0.84,0,0,0,0,-0.84
28605,1,5 - 10,2,10,564,2.25,40.57,0,0,0,42.82
28605,1,5 - 10,2,10,743,-2.68,0,0.13,0,0,-2.55
28605,1,5 - 10,2,10,807,-2.59,0,-7,0,0,-9.59
28605,1,5 - 10,2,10,823,0.97,0,0,0,0,0.97
28605,1,5 - 10,2,10,826,0.54,-1.5,1.54,0,0,0.58
28605,1,5 - 10,2,10,853,-0.67,3.88,-4.3,0,0,-1.09
28605,1,5 - 10,2,10,863,0.93,0,0,0,0,0.93
28605,1,5 - 10,2,10,1811,0.96,0,-6,0,0,-5.04
28605,1,5 - 10,2,10,1858,1.6,0,0,0,0,1.6
28605,1,5 - 10,2,10,2431,2.63,0,-7.2,0,0,-4.57
28605,1,5 - 10,2,10,4188,-0.32,3.41,6.3,0,0,9.39
28605,1,5 - 10,2,10,4207,-0.33,0,2.21,0,0,1.88
28605,1,5 - 10,2,10,4958,0.88,8.88,-6.36,0,0,3.4
28605,1,5 - 10,2,10,7669,-2.43,0,-5.6,0,0,-8.03
28605,1,5 - 10,2,10,9350,4.34,0,0,0,0,4.34
28605,1,10 - 15,3,15,136,2.3,0,2.32,0,0,4.62
28605,1,10 - 15,3,15,308,2.79,0,3.6,0,0,6.39
28605,1,10 - 15,3,15,312,0.37,37.23,0,0,0,37.6
28605,1,10 - 15,3,15,375,-0.22,0,-17.5,0,0,-17.72
28605,1,10 - 15,3,15,376,-3.09,15,-7,0,0,4.91
28605,1,10 - 15,3,15,534,1.09,0,0,0,0,1.09
28605,1,10 - 15,3,15,556,-0.84,0,-5.6,0,0,-6.44
28605,1,10 - 15,3,15,564,3.56,40.57,0,0,0,44.13
28605,1,10 - 15,3,15,743,2.06,-2.83,0.13,0,0,-0.64
28605,1,10 - 15,3,15,807,-1.85,0,-7,0,0,-8.85
28605,1,10 - 15,3,15,823,1.94,0,0,0,0,1.94
28605,1,10 - 15,3,15,826,0.85,-1.5,1.54,0,0,0.89
28605,1,10 - 15,3,15,853,0.31,2.72,-0.3,0,0,2.73
28605,1,10 - 15,3,15,863,0.13,15,4.8,0,0,19.93
28605,1,10 - 15,3,15,1811,1.27,0,-6,0,0,-4.73
28605,1,10 - 15,3,15,1858,2.02,0,-15.4,0,0,-13.38
28605,1,10 - 15,3,15,2431,2.11,0,-6.5,0,0,-4.39
28605,1,10 - 15,3,15,4188,0.06,3.41,6.3,0,0,9.77
28605,1,10 - 15,3,15,4207,1.29,0,-4.79,0,0,-3.5
28605,1,10 - 15,3,15,4958,2.89,8.88,-6.36,0,0,5.41
28605,1,10 - 15,3,15,7669,-1.74,0,-3.17,0,0,-4.91
28605,1,10 - 15,3,15,9350,7.25,0,-7,0,0,0.25
28605,1,15 - 20,4,20,136,2.3,0,2.32,0,0,4.62
28605,1,15 - 20,4,20,308,7.12,0,-3,0,0,4.12
28605,1,15 - 20,4,20,312,1.09,37.23,0,0,0,38.32
28605,1,15 - 20,4,20,375,1.17,0,-17.5,0,0,-16.33
28605,1,15 - 20,4,20,376,-2.75,15,-7,0,0,5.25
28605,1,15 - 20,4,20,534,-1.22,0,0,0,0,-1.22
28605,1,15 - 20,4,20,556,-0.64,0,-4.5,0,0,-5.14
28605,1,15 - 20,4,20,564,1.68,40.57,4.4,0,0,46.65
28605,1,15 - 20,4,20,743,3.56,-2.83,0.13,0,0,0.86
28605,1,15 - 20,4,20,807,-1.06,0,-2.4,0,0,-3.46
28605,1,15 - 20,4,20,823,1.28,0,-4.8,0,0,-3.52
28605,1,15 - 20,4,20,826,-1.58,2.07,1.54,0,0,2.03
28605,1,15 - 20,4,20,853,-1.42,2.72,-7.5,0,0,-6.2
28605,1,15 - 20,4,20,863,0.08,15,4.8,0,0,19.88
28605,1,15 - 20,4,20,1811,1.27,0,-6,0,0,-4.73
28605,1,15 - 20,4,20,1858,3.42,0,-15.4,0,0,-11.98
28605,1,15 - 20,4,20,2431,-0.79,1.75,-6.5,0,0,-5.54
28605,1,15 - 20,4,20,4188,-1.52,3.41,6.3,0,0,8.19
28605,1,15 - 20,4,20,4207,2.9,0,-4.79,0,0,-1.89
28605,1,15 - 20,4,20,4958,1.31,8.88,-6.36,0,0,3.83
28605,1,15 - 20,4,20,7669,-1.74,0,-5.89,0,0,-7.63
28605,1,15 - 20,4,20,9350,8.37,4.03,-2.56,0,0,9.84
28605,1,20 - 25,5,25,136,2.86,4.03,2.32,0,0,9.21
28605,1,20 - 25,5,25,308,5.36,4.03,1,0,0,10.39
28605,1,20 - 25,5,25,312,-5.85,37.23,-2.51,0,0,28.87
28605,1,20 - 25,5,25,375,-1.59,0,-17.5,0,0,-19.09
28605,1,20 - 25,5,25,376,-2.1,15,-5.8,0,0,7.1
28605,1,20 - 25,5,25,534,-0.78,0,0,0,0,-0.78
28605,1,20 - 25,5,25,556,0.66,0,-4.5,0,0,-3.84
28605,1,20 - 25,5,25,564,-6.77,40.57,4.4,0,0,38.2
28605,1,20 - 25,5,25,743,4.67,-2.83,4.93,0,0,6.77
28605,1,20 - 25,5,25,807,0.38,0,-2.4,0,0,-2.02
28605,1,20 - 25,5,25,823,0.62,0,-4.8,0,0,-4.18
28605,1,20 - 25,5,25,826,-4.58,2.07,-6.26,0,0,-8.77
28605,1,20 - 25,5,25,853,-1.05,2.72,-7.5,0,0,-5.83
28605,1,20 - 25,5,25,863,-1.51,15,4.8,0,0,18.29
28605,1,20 - 25,5,25,1811,1.58,0,-4.6,0,0,-3.02
28605,1,20 - 25,5,25,1858,3.42,0,-15.4,0,0,-11.98
28605,1,20 - 25,5,25,2431,-0.44,1.75,-6.5,0,0,-5.19
28605,1,20 - 25,5,25,4188,0.49,3.41,6.3,0,0,10.2
28605,1,20 - 25,5,25,4207,7.72,0,-2.69,0,0,5.03
28605,1,20 - 25,5,25,4958,2.54,8.88,-6.36,0,0,5.06
28605,1,20 - 25,5,25,7669,-1.13,0,-11.48,0,0,-12.61
28605,1,20 - 25,5,25,9350,9.12,4.03,16.67,0,0,29.82
28605,1,25 - 30,6,30,136,3.94,4.03,2.32,0,0,10.29
28605,1,25 - 30,6,30,308,7.22,4.03,1,0,0,12.25
28605,1,25 - 30,6,30,312,-4.89,37.23,-2.51,0,0,29.83
28605,1,25 - 30,6,30,375,-1.11,0,-17.5,0,0,-18.61
28605,1,25 - 30,6,30,376,-1.27,15,-8.31,0,0,5.42
28605,1,25 - 30,6,30,534,-3.43,0,0,0,0,-3.43
28605,1,25 - 30,6,30,556,-0.35,0,-4.5,0,0,-4.85
28605,1,25 - 30,6,30,564,-6.95,39.28,4.4,0,0,36.73
28605,1,25 - 30,6,30,743,2.65,-2.83,4.93,0,0,4.75
28605,1,25 - 30,6,30,807,2.09,0,4.65,0,0,6.74
28605,1,25 - 30,6,30,823,1.9,0,-4.8,0,0,-2.9
28605,1,25 - 30,6,30,826,-8,2.07,-6.26,0,0,-12.19
28605,1,25 - 30,6,30,853,-0.37,2.72,-7.15,0,0,-4.8
28605,1,25 - 30,6,30,863,-1.16,12.05,4.8,0,0,15.69
28605,1,25 - 30,6,30,1811,2.54,0,-4.6,0,0,-2.06
28605,1,25 - 30,6,30,1858,3.89,0,-15.4,0,0,-11.51
28605,1,25 - 30,6,30,2431,1.25,1.75,-4.07,0,0,-1.07
28605,1,25 - 30,6,30,4188,1.8,3.41,6.3,0,0,11.51
28605,1,25 - 30,6,30,4207,10.87,0,-2.69,0,0,8.18
28605,1,25 - 30,6,30,4958,4.36,8.88,-4.82,0,0,8.42
28605,1,25 - 30,6,30,7669,-2.98,0,-11.48,0,0,-14.46
28605,1,25 - 30,6,30,9350,10.2,4.03,16.67,0,0,30.9
28605,1,30 - 35,7,35,136,7.77,4.03,6.32,0,0,18.12
28605,1,30 - 35,7,35,308,5.42,4.03,4.45,0,0,13.9
28605,1,30 - 35,7,35,312,-4.44,37.23,-2.51,0,0,30.28
28605,1,30 - 35,7,35,375,1.47,0,-5.3,0,0,-3.83
28605,1,30 - 35,7,35,376,-1.27,15,-19.62,0,0,-5.89
28605,1,30 - 35,7,35,534,-2.99,0,-2.51,0,0,-5.5
28605,1,30 - 35,7,35,556,-3.24,0,-3.1,0,0,-6.34
28605,1,30 - 35,7,35,564,-9.63,39.28,1.88,0,0,31.53
28605,1,30 - 35,7,35,743,2.65,-2.83,4.93,0,0,4.75
28605,1,30 - 35,7,35,807,-1.03,0,11.3,0,0,10.27
28605,1,30 - 35,7,35,823,-0.25,0,-4.8,0,0,-5.05
28605,1,30 - 35,7,35,826,-9.64,-0.64,-6.26,0,0,-16.54
28605,1,30 - 35,7,35,853,-1.41,2.72,-7.15,0,0,-5.84
28605,1,30 - 35,7,35,863,3.54,16.24,4.8,0,0,24.58
28605,1,30 - 35,7,35,1811,0.51,0,-4.6,0,0,-4.09
28605,1,30 - 35,7,35,1858,5.29,0,-15.4,0,0,-10.11
28605,1,30 - 35,7,35,2431,1.43,0.68,-4.07,0,0,-1.96
28605,1,30 - 35,7,35,4188,1.8,3.41,6.3,0,0,11.51
28605,1,30 - 35,7,35,4207,11.56,0,1.71,0,0,13.27
28605,1,30 - 35,7,35,4958,5.51,8.88,-4.82,0,0,9.57
28605,1,30 - 35,7,35,7669,-0.52,-1.16,-11.48,0,0,-13.16
28605,1,30 - 35,7,35,9350,7.45,4.03,16.67,0,0,28.15
28605,1,35 - 40,8,40,136,5.09,4.03,6.32,0,0,15.44
28605,1,35 - 40,8,40,308,5.35,4.03,4.45,0,0,13.83
28605,1,35 - 40,8,40,312,-4.44,37.23,-2.51,0,0,30.28
28605,1,35 - 40,8,40,375,2.12,0,-5.3,0,0,-3.18
28605,1,35 - 40,8,40,376,-1.27,15,-19.62,0,0,-5.89
28605,1,35 - 40,8,40,534,-2.55,0,-2.51,0,0,-5.06
28605,1,35 - 40,8,40,556,-3.24,3.88,0.35,0,0,0.99
28605,1,35 - 40,8,40,564,-9.63,39.28,1.88,0,0,31.53
28605,1,35 - 40,8,40,743,0.02,-2.83,4.93,0,0,2.12
28605,1,35 - 40,8,40,807,-0.91,0,11.3,0,0,10.39
28605,1,35 - 40,8,40,823,1.18,0,-4.8,0,0,-3.62
28605,1,35 - 40,8,40,826,-9.29,-3.12,-11.5,0,0,-23.91
28605,1,35 - 40,8,40,853,-0.75,2.72,-7.15,0,0,-5.18
28605,1,35 - 40,8,40,863,0.79,23.59,7.23,0,0,31.61
28605,1,35 - 40,8,40,1811,-0.02,0,-3.2,0,0,-3.22
28605,1,35 - 40,8,40,1858,6,0,-14,0,0,-8
28605,1,35 - 40,8,40,2431,1.77,0.68,-4.07,0,0,-1.62
28605,1,35 - 40,8,40,4188,-0.47,3.41,7.84,0,0,10.78
28605,1,35 - 40,8,40,4207,8.68,0,5.03,0,0,13.71
28605,1,35 - 40,8,40,4958,5.51,8.88,-15.51,0,0,-1.12
28605,1,35 - 40,8,40,7669,0.1,-1.16,-11.48,0,0,-12.54
28605,1,35 - 40,8,40,9350,6.24,4.03,14.37,0,0,24.64
28605,1,40 - 45,9,45,136,7.65,14.53,10.92,0,0,33.1
28605,1,40 - 45,9,45,308,6.01,4.03,4.45,0,0,14.49
28605,1,40 - 45,9,45,312,-3.87,34.23,-2.51,0,0,27.85
28605,1,40 - 45,9,45,375,2.12,0,-5.3,0,0,-3.18
28605,1,40 - 45,9,45,376,-2.15,15,-19.62,0,0,-6.77
28605,1,40 - 45,9,45,534,0.92,3.41,-2.51,0,0,1.82
28605,1,40 - 45,9,45,556,-2.6,3.88,0.35,0,0,1.63
28605,1,40 - 45,9,45,564,-10.94,39.28,1.88,0,0,30.22
28605,1,40 - 45,9,45,743,0.74,-2.83,-1.67,0,0,-3.76
28605,1,40 - 45,9,45,807,-0.53,0,16.37,0,0,15.84
28605,1,40 - 45,9,45,823,-0.17,0,-4.8,0,0,-4.97
28605,1,40 - 45,9,45,826,-8.94,-3.12,-7.5,0,0,-19.56
28605,1,40 - 45,9,45,853,5.92,2.72,-7.15,0,0,1.49
28605,1,40 - 45,9,45,863,-2.14,23.59,9.86,0,0,31.31
28605,1,40 - 45,9,45,1811,-0.61,0,-5.92,0,0,-6.53
28605,1,40 - 45,9,45,1858,8.66,0,-14,0,0,-5.34
28605,1,40 - 45,9,45,2431,8.74,0.68,-1.2,0,0,8.22
28605,1,40 - 45,9,45,4188,2,7.44,9.38,0,0,18.82
28605,1,40 - 45,9,45,4207,7.65,0,9.63,0,0,17.28
28605,1,40 - 45,9,45,4958,6.56,8.88,-23.31,0,0,-7.87
28605,1,40 - 45,9,45,7669,0.41,-1.16,-10.08,0,0,-10.83
28605,1,40 - 45,9,45,9350,5.58,4.03,14.37,0,0,23.98
28605,1,40 - 45,9,45,0,0,0,0,0,1,0
28605,1,40 - 45,9,45,136,8.37,11.93,10.92,0,1,31.22
28605,1,40 - 45,9,45,308,4.37,4.03,4.45,0,1,12.85
28605,1,40 - 45,9,45,312,-6.37,41.98,-2.51,0,1,33.1
28605,1,40 - 45,9,45,375,2.12,0,-5.3,0,1,-3.18
28605,1,40 - 45,9,45,376,-1.84,15,-19.62,0,1,-6.46
28605,1,40 - 45,9,45,534,1.64,3.41,-2.51,0,1,2.54
28605,1,40 - 45,9,45,556,-2.23,3.88,0.35,0,1,2
28605,1,40 - 45,9,45,564,-10.94,39.28,1.88,0,1,30.22
28605,1,40 - 45,9,45,743,1.13,-2.83,-1.67,0,1,-3.37
28605,1,40 - 45,9,45,807,-1.57,0,16.37,0,1,14.8
28605,1,40 - 45,9,45,823,0.18,0,-4.8,0,1,-4.62
28605,1,40 - 45,9,45,826,-8.59,-3.12,-7.5,0,1,-19.21
28605,1,40 - 45,9,45,853,6.36,2.72,-5.75,0,1,3.33
28605,1,40 - 45,9,45,863,-1.77,23.59,9.86,0,1,31.68
28605,1,40 - 45,9,45,1811,-0.61,0,-5.92,0,1,-6.53
28605,1,40 - 45,9,45,1858,9.15,0,-14,0,1,-4.85
28605,1,40 - 45,9,45,2431,9.12,0.68,-1.2,0,1,8.6
28605,1,40 - 45,9,45,4188,-0.03,7.44,9.38,0,1,16.79
28605,1,40 - 45,9,45,4207,8,0,9.63,0,1,17.63
28605,1,40 - 45,9,45,4958,7.26,8.88,-22.11,0,1,-5.97
28605,1,40 - 45,9,45,7669,1.16,-1.16,-6.08,0,1,-6.08
28605,1,40 - 45,9,45,9350,5.93,4.03,-0.63,0,1,9.33
28605,2,45 - 50,10,50,0,0,0,0,0,0,0
28605,2,45 - 50,10,50,136,9.32,14.53,10.92,0,0,34.77
28605,2,45 - 50,10,50,308,12.44,4.03,4.45,0,0,20.92
28605,2,45 - 50,10,50,312,-1.67,34.23,-5.02,0,0,27.54
28605,2,45 - 50,10,50,375,1.35,0,-5.3,0,0,-3.95
28605,2,45 - 50,10,50,376,-1.8,15,-15.02,0,0,-1.82
28605,2,45 - 50,10,50,534,0.37,0.22,-2.51,0,0,-1.92
28605,2,45 - 50,10,50,556,-1.42,3.88,1.75,0,0,4.21
28605,2,45 - 50,10,50,564,-10.42,39.28,1.88,0,0,30.74
28605,2,45 - 50,10,50,743,0.57,-2.83,-1.67,0,0,-3.93
28605,2,45 - 50,10,50,807,-3.01,0,18.22,0,0,15.21
28605,2,45 - 50,10,50,823,-0.17,0,-4.8,0,0,-4.97
28605,2,45 - 50,10,50,826,-6.88,-3.12,-7.5,0,0,-17.5
28605,2,45 - 50,10,50,853,2.87,2.72,-7.15,0,0,-1.56
28605,2,45 - 50,10,50,863,-3.22,21.46,16.61,0,0,34.85
28605,2,45 - 50,10,50,1811,-1.65,0,-5.92,0,0,-7.57
28605,2,45 - 50,10,50,1858,9.84,0,-9.8,0,0,0.04
28605,2,45 - 50,10,50,2431,6.65,0.68,-7.8,0,0,-0.47
28605,2,45 - 50,10,50,4188,3.53,10.85,9.38,0,0,23.76
28605,2,45 - 50,10,50,4207,3.52,-2.31,9.63,0,0,10.84
28605,2,45 - 50,10,50,4958,8.68,8.88,-21.77,0,0,-4.21
28605,2,45 - 50,10,50,7669,0.41,-1.16,-5.68,0,0,-6.43
28605,2,45 - 50,10,50,9350,6.19,4.03,22.7,0,0,32.92
28605,2,50 - 55,11,55,0,0,0,0,0,0,0
28605,2,50 - 55,11,55,136,10.4,17.94,10.92,0,0,39.26
28605,2,50 - 55,11,55,308,10.78,4.03,4.45,0,0,19.26
28605,2,50 - 55,11,55,312,-2,34.23,-5.02,0,0,27.21
28605,2,50 - 55,11,55,375,0.2,0,-5.3,0,0,-5.1
28605,2,50 - 55,11,55,376,-0.36,15,-15.02,0,0,-0.38
28605,2,50 - 55,11,55,534,-0.53,0.22,-2.51,0,0,-2.82
28605,2,50 - 55,11,55,556,-0.72,3.88,1.75,0,0,4.91
28605,2,50 - 55,11,55,564,-12.4,43.47,1.88,0,0,32.95
28605,2,50 - 55,11,55,743,0.57,-2.83,-1.67,0,0,-3.93
28605,2,50 - 55,11,55,807,-2.2,0,11.62,0,0,9.42
28605,2,50 - 55,11,55,823,0.48,0,-4.8,0,0,-4.32
28605,2,50 - 55,11,55,826,-1.78,-3.12,-7.5,0,0,-12.4
28605,2,50 - 55,11,55,853,2.87,2.72,-7.15,0,0,-1.56
28605,2,50 - 55,11,55,863,-3.22,19.81,10.61,0,0,27.2
28605,2,50 - 55,11,55,1811,-1.3,0,-3.82,0,0,-5.12
28605,2,50 - 55,11,55,1858,13.17,3.1,-9.8,0,0,6.47
28605,2,50 - 55,11,55,2431,1.96,11.05,-7.8,0,0,5.21
28605,2,50 - 55,11,55,4188,3.99,14.57,12.83,0,0,31.39
28605,2,50 - 55,11,55,4207,5.09,-2.31,9.63,0,0,12.41
28605,2,50 - 55,11,55,4958,9.33,8.88,-28.97,0,0,-10.76
28605,2,50 - 55,11,55,7669,-4.27,-1.16,-19.07,0,0,-24.5
28605,2,50 - 55,11,55,9350,10.96,4.03,22.7,0,0,37.69
28605,2,55 - 60,12,60,0,0,0,0,0,0,0
28605,2,55 - 60,12,60,136,11.92,17.94,14.92,0,0,44.78
28605,2,55 - 60,12,60,308,18.36,4.03,-2.75,0,0,19.64
28605,2,55 - 60,12,60,312,-0.6,34.23,-3.34,0,0,30.29
28605,2,55 - 60,12,60,375,0.2,0,-5.3,0,0,-5.1
28605,2,55 - 60,12,60,376,0.8,15,-15.02,0,0,0.78
28605,2,55 - 60,12,60,534,2.49,5.47,-2.51,0,0,5.45
28605,2,55 - 60,12,60,556,-1.38,3.88,3.96,0,0,6.46
28605,2,55 - 60,12,60,564,-12.79,46.12,1.88,0,0,35.21
28605,2,55 - 60,12,60,743,-1.46,-2.83,-1.67,0,0,-5.96
28605,2,55 - 60,12,60,807,-1.86,0,16.42,0,0,14.56
28605,2,55 - 60,12,60,823,-4.95,0,-0.2,0,0,-5.15
28605,2,55 - 60,12,60,826,-4.03,0.76,-9.59,0,0,-12.86
28605,2,55 - 60,12,60,853,1.22,2.72,-3.75,0,0,0.19
28605,2,55 - 60,12,60,863,-3.22,19.81,10.61,0,0,27.2
28605,2,55 - 60,12,60,1811,-1.6,0,-13.03,0,0,-14.63
28605,2,55 - 60,12,60,1858,13.6,3.1,-9.8,0,0,6.9
28605,2,55 - 60,12,60,2431,7.98,11.05,-7.8,0,0,11.23
28605,2,55 - 60,12,60,4188,4.29,14.57,12.83,0,0,31.69
28605,2,55 - 60,12,60,4207,7.18,-2.31,9.63,0,0,14.5
28605,2,55 - 60,12,60,4958,9.99,8.88,-24.37,0,0,-5.5
28605,2,55 - 60,12,60,7669,-4,-1.16,-19.07,0,0,-24.23
28605,2,55 - 60,12,60,9350,10.95,1.43,22.7,0,0,35.08
28605,2,60 - 65,13,65,0,0,0,0,0,0,0
28605,2,60 - 65,13,65,136,13.51,17.94,14.92,0,0,46.37
28605,2,60 - 65,13,65,308,20.88,4.03,-2.75,0,0,22.16
28605,2,60 - 65,13,65,312,-2.34,34.23,-3.34,0,0,28.55
28605,2,60 - 65,13,65,375,-0.77,0,-22.8,0,0,-23.57
28605,2,60 - 65,13,65,376,0.23,15,-15.02,0,0,0.21
28605,2,60 - 65,13,65,534,2.87,5.47,-2.51,0,0,5.83
28605,2,60 - 65,13,65,556,-1.57,3.88,3.96,0,0,6.27
28605,2,60 - 65,13,65,564,-12.34,72.39,4.31,0,0,64.36
28605,2,60 - 65,13,65,743,-3.31,-2.83,-1.67,0,0,-7.81
28605,2,60 - 65,13,65,807,-1.16,11.54,9.42,0,0,19.8
28605,2,60 - 65,13,65,823,-3.44,0,-0.2,0,0,-3.64
28605,2,60 - 65,13,65,826,-3.57,0.76,-9.59,0,0,-12.4
28605,2,60 - 65,13,65,853,2.72,6.29,-9.35,0,0,-0.34
28605,2,60 - 65,13,65,863,-1.61,19.81,10.61,0,0,28.81
28605,2,60 - 65,13,65,1811,-0.85,0,-20.03,0,0,-20.88
28605,2,60 - 65,13,65,1858,13.39,3.1,-2.8,0,0,13.69
28605,2,60 - 65,13,65,2431,9.49,11.05,-5.17,0,0,15.37
28605,2,60 - 65,13,65,4188,3.77,14.57,10.53,0,0,28.87
28605,2,60 - 65,13,65,4207,8.18,-2.31,14.23,0,0,20.1
28605,2,60 - 65,13,65,4958,10.43,8.88,-19.77,0,0,-0.46
28605,2,60 - 65,13,65,7669,-3.62,-1.16,-53.47,0,0,-58.25
28605,2,60 - 65,13,65,9350,10.33,1.43,22.1,0,0,33.86
28605,2,65 - 70,14,70,0,0,0,0,0,0,0
28605,2,65 - 70,14,70,136,13.51,17.94,14.92,0,0,46.37
28605,2,65 - 70,14,70,308,20.33,11.79,-2.75,0,0,29.37
28605,2,65 - 70,14,70,312,-1.88,34.23,-3.34,0,0,29.01
28605,2,65 - 70,14,70,375,-1.01,0,-22.8,0,0,-23.81
28605,2,65 - 70,14,70,376,0.38,15,-13.17,0,0,2.21
28605,2,65 - 70,14,70,534,1.37,5.47,-2.51,0,0,4.33
28605,2,65 - 70,14,70,556,1.96,3.88,7.96,0,0,13.8
28605,2,65 - 70,14,70,564,-10.84,69.68,4.31,0,0,63.15
28605,2,65 - 70,14,70,743,-3,-2.83,-8.87,0,0,-14.7
28605,2,65 - 70,14,70,807,-3.61,11.54,2.22,0,0,10.15
28605,2,65 - 70,14,70,823,-3.44,0,-0.2,0,0,-3.64
28605,2,65 - 70,14,70,826,-1.07,0.76,-16.79,0,0,-17.1
28605,2,65 - 70,14,70,853,2.81,6.29,-4.55,0,0,4.55
28605,2,65 - 70,14,70,863,-2.65,19.81,10.61,0,0,27.77
28605,2,65 - 70,14,70,1811,-1.41,0,-17.03,0,0,-18.44
28605,2,65 - 70,14,70,1858,14.45,3.1,8.4,0,0,25.95
28605,2,65 - 70,14,70,2431,7.69,14.77,-5.17,0,0,17.29
28605,2,65 - 70,14,70,4188,4.84,19.82,10.87,0,0,35.53
28605,2,65 - 70,14,70,4207,6.47,-2.31,14.23,0,0,18.39
28605,2,65 - 70,14,70,4958,10.87,6.31,-15.77,0,0,1.41
28605,2,65 - 70,14,70,7669,-5.09,-1.16,-48.87,0,0,-55.12
28605,2,65 - 70,14,70,9350,10.68,1.43,22.1,0,0,34.21
28605,2,65 - 70,14,70,9362,0.89,0,0,0,0,0.89
28605,2,70 - 75,15,75,0,0,0,0,0,0,0
28605,2,70 - 75,15,75,136,13.51,17.94,14.92,0,0,46.37
28605,2,70 - 75,15,75,308,27.4,21.11,-9.35,0,0,39.16
28605,2,70 - 75,15,75,312,-4.29,34.23,-3.34,0,0,26.6
28605,2,70 - 75,15,75,375,0.22,0,-14.4,0,0,-14.18
28605,2,70 - 75,15,75,376,1.11,15,-13.17,0,0,2.94
28605,2,70 - 75,15,75,534,1.37,5.47,-2.51,0,0,4.33
28605,2,70 - 75,15,75,556,3.06,3.88,7.96,0,0,14.9
28605,2,70 - 75,15,75,564,-6.82,69.68,4.31,0,0,67.17
28605,2,70 - 75,15,75,743,-2.07,-2.83,-8.87,0,0,-13.77
28605,2,70 - 75,15,75,807,-2.99,11.54,2.22,0,0,10.77
28605,2,70 - 75,15,75,823,-3.13,0,-0.2,0,0,-3.33
28605,2,70 - 75,15,75,826,-3.01,0.76,-16.79,0,0,-19.04
28605,2,70 - 75,15,75,853,2.69,6.29,-4.55,0,0,4.43
28605,2,70 - 75,15,75,863,-2.3,19.81,10.61,0,0,28.12
28605,2,70 - 75,15,75,1811,-1.1,0,-17.03,0,0,-18.13
28605,2,70 - 75,15,75,1858,16.3,3.1,8.4,0,0,27.8
28605,2,70 - 75,15,75,2431,6.47,14.77,-5.17,0,0,16.07
28605,2,70 - 75,15,75,3691,0.35,0,0,0,0,0.35
28605,2,70 - 75,15,75,4188,3.42,23.23,10.87,0,0,37.52
28605,2,70 - 75,15,75,4207,7.12,-2.31,14.23,0,0,19.04
28605,2,70 - 75,15,75,4958,9.97,3.31,-15.77,0,0,-2.49
28605,2,70 - 75,15,75,7669,-5.09,-1.16,-44.07,0,0,-50.32
28605,2,70 - 75,15,75,9350,11.59,1.43,22.1,0,0,35.12
28605,2,70 - 75,15,75,9362,2.68,0,4,0,0,6.68
28605,2,70 - 75,15,75,17047,0,0,0,0,0,0
28605,2,75 - 80,16,80,0,0,0,0,0,0,0
28605,2,75 - 80,16,80,136,13.51,17.94,14.92,0,0,46.37
28605,2,75 - 80,16,80,308,25.62,21.11,-9.35,0,0,37.38
28605,2,75 - 80,16,80,312,-2.6,34.23,-3.34,0,0,28.29
28605,2,75 - 80,16,80,375,0.22,0,-26.5,0,0,-26.28
28605,2,75 - 80,16,80,376,1.11,15,-13.17,0,0,2.94
28605,2,75 - 80,16,80,534,1.37,47.12,-10.99,0,0,37.5
28605,2,75 - 80,16,80,544,0,0,0,0,0,0
28605,2,75 - 80,16,80,556,1.85,3.88,5.24,0,0,10.97
28605,2,75 - 80,16,80,564,-6.3,69.68,-2.29,0,0,61.09
28605,2,75 - 80,16,80,743,-2.07,-2.83,-8.87,0,0,-13.77
28605,2,75 - 80,16,80,807,-2.49,11.54,-4.78,0,0,4.27
28605,2,75 - 80,16,80,823,-3.68,0,-0.2,0,0,-3.88
28605,2,75 - 80,16,80,826,-3.01,0.76,-16.79,0,0,-19.04
28605,2,75 - 80,16,80,853,2.69,6.29,-18.55,0,0,-9.57
28605,2,75 - 80,16,80,863,-0.82,19.81,14.06,0,0,33.05
28605,2,75 - 80,16,80,1811,-0.27,3.41,-24.03,0,0,-20.89
28605,2,75 - 80,16,80,1858,16.3,3.1,8.4,0,0,27.8
28605,2,75 - 80,16,80,2431,6.95,29.77,-3.63,0,0,33.09
28605,2,75 - 80,16,80,3691,0.72,0,0,0,0,0.72
28605,2,75 - 80,16,80,4188,1.57,23.23,10.87,0,0,35.67
28605,2,75 - 80,16,80,4207,7.12,-2.31,18.43,0,0,23.24
28605,2,75 - 80,16,80,4958,9.97,0.95,-15.77,0,0,-4.85
28605,2,75 - 80,16,80,5420,0,0,0,0,0,0
28605,2,75 - 80,16,80,7669,-5.09,-1.16,-51.07,0,0,-57.32
28605,2,75 - 80,16,80,9350,10.55,1.43,22.1,0,0,34.08
28605,2,75 - 80,16,80,9362,0.65,0,4,0,0,4.65
28605,2,75 - 80,16,80,17047,-0.9,0,2.87,0,0,1.97
28605,2,80 - 85,17,85,0,0,0,0,0,0,0
28605,2,80 - 85,17,85,136,13.51,17.94,14.92,0,0,46.37
28605,2,80 - 85,17,85,308,27.36,21.11,-6.92,0,0,41.55
28605,2,80 - 85,17,85,312,-1.12,34.23,-3.34,0,0,29.77
28605,2,80 - 85,17,85,318,0.37,0,0,0,0,0.37
28605,2,80 - 85,17,85,375,1.13,0,-26.5,0,0,-25.37
28605,2,80 - 85,17,85,376,1.11,15,-13.17,0,0,2.94
28605,2,80 - 85,17,85,534,1.37,44.17,-10.99,0,0,34.55
28605,2,80 - 85,17,85,544,0.38,0,0,0,0,0.38
28605,2,80 - 85,17,85,556,-3.4,3.88,8.54,0,0,9.02
28605,2,80 - 85,17,85,564,-8.02,66.97,-2.29,0,0,56.66
28605,2,80 - 85,17,85,743,-2.07,-2.83,-8.87,0,0,-13.77
28605,2,80 - 85,17,85,807,-4.71,11.54,-4.78,0,0,2.05
28605,2,80 - 85,17,85,823,-3.68,0,-0.2,0,0,-3.88
28605,2,80 - 85,17,85,826,-3.01,0.76,-16.79,0,0,-19.04
28605,2,80 - 85,17,85,853,9.69,6.29,-18.55,0,0,-2.57
28605,2,80 - 85,17,85,863,-3.18,19.81,14.06,0,0,30.69
28605,2,80 - 85,17,85,1811,1.04,3.41,-24.03,0,0,-19.58
28605,2,80 - 85,17,85,1858,17.7,3.1,8.4,0,0,29.2
28605,2,80 - 85,17,85,2431,6.95,29.77,-3.63,0,0,33.09
28605,2,80 - 85,17,85,3691,1.4,0,1.1,0,0,2.5
28605,2,80 - 85,17,85,4188,1.32,23.23,8.57,0,0,33.12
28605,2,80 - 85,17,85,4207,6.66,-2.31,18.43,0,0,22.78
28605,2,80 - 85,17,85,4958,9.97,0.95,-15.77,0,0,-4.85
28605,2,80 - 85,17,85,5420,2.16,-1.5,0,0,0,0.66
28605,2,80 - 85,17,85,7669,-3.82,-1.16,-47.07,0,0,-52.05
28605,2,80 - 85,17,85,9350,6.91,1.43,31.1,0,0,39.44
28605,2,80 - 85,17,85,9362,0.65,0,4,0,0,4.65
28605,2,80 - 85,17,85,17047,-0.9,-2.48,2.87,0,0,-0.51
28605,2,85 - 90,18,90,0,0,0,0,0,0,0
28605,2,85 - 90,18,90,136,13.51,17.94,14.92,0,0,46.37
28605,2,85 - 90,18,90,308,26.56,18.54,-6.92,0,0,38.18
28605,2,85 - 90,18,90,312,-2.43,34.23,-3.2,0,0,28.6
28605,2,85 - 90,18,90,318,0.81,2.22,0,0,0,3.03
28605,2,85 - 90,18,90,375,0.37,0,-26.5,0,0,-26.13
28605,2,85 - 90,18,90,376,1.11,15,-13.17,0,0,2.94
28605,2,85 - 90,18,90,534,-0.9,41.81,-10.99,0,0,29.92
28605,2,85 - 90,18,90,544,0.35,0,2.4,0,0,2.75
28605,2,85 - 90,18,90,556,-4.98,3.88,-5.49,0,0,-6.59
28605,2,85 - 90,18,90,564,-6.13,66.97,-2.29,0,0,58.55
28605,2,85 - 90,18,90,743,-2.07,-2.83,-8.87,0,0,-13.77
28605,2,85 - 90,18,90,807,-3.89,11.54,-3.38,0,0,4.27
28605,2,85 - 90,18,90,823,-3.68,0,-0.2,0,0,-3.88
28605,2,85 - 90,18,90,826,-3.01,0.76,-16.79,0,0,-19.04
28605,2,85 - 90,18,90,853,10,6.29,-18.55,0,0,-2.26
28605,2,85 - 90,18,90,863,-0.66,19.81,14.06,0,0,33.21
28605,2,85 - 90,18,90,1811,-0.38,3.41,-21.06,0,0,-18.03
28605,2,85 - 90,18,90,1858,19.07,6.2,8.4,0,0,33.67
28605,2,85 - 90,18,90,2431,6.95,29.77,-3.63,0,0,33.09
28605,2,85 - 90,18,90,3691,4.07,0,1.1,0,0,5.17
28605,2,85 - 90,18,90,4188,3.9,23.23,4.77,0,0,31.9
28605,2,85 - 90,18,90,4207,2.8,-2.31,20.75,0,0,21.24
28605,2,85 - 90,18,90,4958,8.34,0.95,-15.77,0,0,-6.48
28605,2,85 - 90,18,90,5420,-0.31,-1.5,-3.13,0,0,-4.94
28605,2,85 - 90,18,90,7669,-2.73,-1.16,-47.07,0,0,-50.96
28605,2,85 - 90,18,90,9350,7.29,1.43,31.1,0,0,39.82
28605,2,85 - 90,18,90,9362,1.35,0,1.49,0,0,2.84
28605,2,85 - 90,18,90,17047,-0.05,-3.77,2.87,0,0,-0.95
28605,2,85 - 90,18,90,0,0,0,0,0,1,0
28605,2,85 - 90,18,90,136,14.23,15.34,14.92,0,1,44.49
28605,2,85 - 90,18,90,308,24.55,18.54,-6.92,0,1,36.17
28605,2,85 - 90,18,90,312,-4.93,41.98,-3.2,0,1,33.85
28605,2,85 - 90,18,90,318,0.93,2.22,0,0,1,3.15
28605,2,85 - 90,18,90,375,-0.25,0,-22.5,0,1,-22.75
28605,2,85 - 90,18,90,376,1.42,15,-13.17,0,1,3.25
28605,2,85 - 90,18,90,534,0.17,41.81,-8.12,0,1,33.86
28605,2,85 - 90,18,90,544,-0.36,0,2.4,0,1,2.04
28605,2,85 - 90,18,90,556,-6.13,3.88,-5.49,0,1,-7.74
28605,2,85 - 90,18,90,564,-4.62,64.61,-2.29,0,1,57.7
28605,2,85 - 90,18,90,743,-1.68,-2.83,-8.87,0,1,-13.38
28605,2,85 - 90,18,90,807,-5.63,11.54,1.42,0,1,7.33
28605,2,85 - 90,18,90,823,-3.33,0,-0.2,0,1,-3.53
28605,2,85 - 90,18,90,826,-2.66,0.76,-16.79,0,1,-18.69
28605,2,85 - 90,18,90,853,9.75,6.29,-19.87,0,1,-3.83
28605,2,85 - 90,18,90,863,0.13,19.81,14.06,0,1,34
28605,2,85 - 90,18,90,1811,0.65,3.41,-21.06,0,1,-17
28605,2,85 - 90,18,90,1858,21.07,6.2,8.4,0,1,35.67
28605,2,85 - 90,18,90,2431,7.33,29.77,-3.63,0,1,33.47
28605,2,85 - 90,18,90,3691,6.09,0,1.1,0,1,7.19
28605,2,85 - 90,18,90,4188,2.17,23.23,8.37,0,1,33.77
28605,2,85 - 90,18,90,4207,3.83,-2.31,21.75,0,1,23.27
28605,2,85 - 90,18,90,4958,9.24,0.95,-14.57,0,1,-4.38
28605,2,85 - 90,18,90,5420,0.1,-1.5,-3.13,0,1,-4.53
28605,2,85 - 90,18,90,7669,-1.63,-1.16,-37.37,0,1,-40.16
28605,2,85 - 90,18,90,9350,9.08,1.43,16.1,0,1,26.61
28605,2,85 - 90,18,90,9362,2.39,0,9.54,0,1,11.93
28605,2,85 - 90,18,90,17047,-2.05,-6.37,2.87,0,1,-5.55
